{"frames":{"121 and 41 dragon0.png":{"frame":{"x":0,"y":0,"w":121,"h":41},"rotated":false,"trimmed":false,"spriteSourceSize":{"x":0,"y":0,"w":121,"h":41},"sourceSize":{"w":121,"h":41}},"121 and 41 dragon1.png":{"frame":{"x":0,"y":41,"w":121,"h":41},"rotated":false,"trimmed":false,"spriteSourceSize":{"x":0,"y":0,"w":121,"h":41},"sourceSize":{"w":121,"h":41}},"121 and 41 dragon2.png":{"frame":{"x":0,"y":82,"w":121,"h":41},"rotated":false,"trimmed":false,"spriteSourceSize":{"x":0,"y":0,"w":121,"h":41},"sourceSize":{"w":121,"h":41}},"121 and 41 dragon3.png":{"frame":{"x":0,"y":123,"w":121,"h":41},"rotated":false,"trimmed":false,"spriteSourceSize":{"x":0,"y":0,"w":121,"h":41},"sourceSize":{"w":121,"h":41}}},"meta":{"app":"https://github.com/piskelapp/piskel/","version":"1.0","image":"121 and 41 dragon.png","format":"RGBA8888","size":{"w":121,"h":164}}}